-11,146,1
228,-26,1
0,7,1
-241,-5,0
17,0,1
17,21,1
0,1,1
-160,-1,0
166,190,1
55,198,0
-17,3,1
24,13,0
24,8,0
153,174,0
-235,-10,1
79,144,0
112,164,0
14,2,0
225,95,0
-29,21,0
-6,11,0
-202,141,1
-233,-31,1
-227,116,1
-212,164,1
-132,-1,0
-160,203,1
-65,51,1
6,146,0
-93,122,0
-59,15,1
15,7,1
82,149,0
-24,16,1
194,139,0
-30,174,1
-24,0,0
233,-11,0
-16,13,1
46,13,1
163,175,1
-215,331,0
-7,2,1
-232,7,0
140,131,0
25,-1,1
45,47,0
1,11,0
-158,115,0
102,242,1
17,183,0
53,257,1
-1,3,1
-6,0,1
-133,229,1
-19,3,1
-115,28,0
12,-1,1
-1,21,1
-60,28,0
-7,2,1
151,13,0
-24,11,0
-96,41,0
-102,144,0
220,124,1
-192,-1,1
9,154,0
12,3,0
-151,203,1
27,2,1
9,-1,1
-61,165,0
-17,3,0
-127,136,1
10,0,1
-205,159,1
-102,154,1
-47,56,0
2,0,1
53,237,1
73,234,1
-112,139,0
-129,-21,0
109,169,1
-147,85,0
-78,36,0
202,139,0
145,139,0
94,160,0
184,178,0
122,244,0
38,257,0
195,154,0
-104,36,0
9,-5,1
232,-15,0
-201,174,0
28,0,0
-27,-1,1
-22,0,1
-53,16,0
20,26,1
-241,-10,1
-225,-24,1
79,28,0
138,72,0
55,2,0
-16,7,1
14,61,0
232,16,1
69,237,0
-14,-1,1
-16,0,1
187,-1,1
-27,149,1
-1,8,1
-16,0,1
123,214,0
-7,8,0
132,26,1
169,8,0
40,180,0
-52,97,0
-78,169,1
-65,21,1
-11,65,1
187,151,0
-6,46,0
-106,213,0
-142,110,1
-25,188,1
0,92,1
-184,62,0
28,51,0
-156,87,0
-84,-5,1
-2,57,0
17,2,0
-2,16,0
20,183,0
195,149,1
-187,159,1
0,1,1
22,252,0
-233,46,0
0,11,1
-186,170,0
10,23,1
-210,31,1
174,-19,0
-94,0,1
194,174,0
-7,31,0
-158,154,1
-68,23,0
38,0,0
-40,180,0
-115,67,1
-176,198,0
-14,65,1
46,36,1
-165,193,0
61,16,0
0,218,1
-217,134,1
-215,105,1
-2,-6,1
-86,75,0
-151,-15,0
6,46,0
-22,0,1
-158,195,0
-48,237,1
-197,-11,1
233,-21,0
-86,149,0
-156,18,0
166,174,0
-7,70,1
192,151,0
-215,141,0
6,-10,1
-220,101,1
-129,-11,1
9,-5,1
68,154,0
133,-11,0
223,120,0
-204,149,0
0,1,0
-71,141,1
127,223,0
163,-6,0
-137,144,0
-199,95,0
6,2,1
71,257,0
0,3,1
-22,203,1
28,149,1
4,214,1
-96,247,1
22,198,1
-173,2,1
163,195,0
182,165,0
97,203,0
22,178,1
-40,164,0
68,237,0
-25,3,1
-25,11,0
232,2,0
91,183,0
-14,203,1
20,-1,0
-12,11,1
-176,16,0
0,1,1
-104,26,0
-1,13,1
228,-16,1
-233,105,0
-22,-6,1
-117,183,1
168,183,1
12,16,1
202,146,0
-235,-11,1
241,-6,0
135,208,1
101,160,0
15,11,0
-27,247,0
-125,213,1
-86,228,1
-143,198,0
220,105,0
9,169,1
-89,175,1
-119,65,0
43,0,1
-12,178,1
30,10,0
96,174,0
15,2,1
69,237,0
-16,247,1
-34,203,1
-244,34,0
227,21,1
55,237,0
63,11,0
238,-36,0
1,2,0
-97,239,0
-4,13,1
-35,144,1
-238,-24,0
232,-15,1
56,252,0
-12,262,1
-30,21,0
-147,126,0
-115,174,0
-22,7,0
56,65,0
-232,105,0
99,244,0
-115,228,1
-52,185,1
1,26,0
-197,111,0
19,8,1
125,223,0
25,174,1
-168,-31,0
-7,0,0
20,-6,1
9,3,1
51,26,0
159,47,0
-53,75,0
-30,-1,0
-249,-11,0
179,178,1
12,2,0
-212,188,0
-9,-5,1
-215,148,1
164,237,0
-12,11,1
-132,159,1
-102,41,0
-29,252,0
-99,46,0
-156,193,0
202,144,1
14,7,1
159,-6,0
-223,-21,1
-73,169,1
55,16,1
-107,149,0
227,100,1
-160,208,0
6,13,1
-210,134,0
164,11,0
20,2,0
10,46,1
-53,237,0
112,228,0
28,65,1
194,224,0
28,65,1
150,178,0
-42,100,0
0,1,1
-169,210,1
204,144,1
14,7,1
9,21,0
-94,36,0
19,16,0
12,257,0
-19,247,1
71,234,0
-11,2,1
14,0,0
-207,-5,0
-94,232,0
204,134,1
-163,200,1
217,101,1
92,224,0
102,219,0
-145,131,1
-48,237,1
-68,237,1
-68,232,0
194,144,0
-14,2,1
-114,228,0
155,208,0
-135,139,0
-240,90,1
-14,2,0
9,213,1
-151,199,0
-29,0,0
9,70,0
-241,0,1
225,-34,0
91,120,0
182,70,0
89,228,0
-1,65,0
30,169,0
-16,0,1
-179,110,0
-17,21,1
-11,267,0
1,18,0
151,190,0
-1,2,1
-129,7,1
236,-21,0
-97,239,1
-155,188,1
191,43,0
-163,124,0
-6,259,0
181,164,0
30,11,0
138,-6,0
-105,141,0
-240,-15,0
-70,33,1
148,56,1
-89,174,1
-184,198,0
213,136,0
192,7,0
-92,11,1
182,190,0
-52,97,0
27,0,1
-91,100,0
89,234,1
-133,208,0
-48,239,0
-24,242,1
-240,75,0
4,-1,1
-127,-6,0
-237,-1,0
-17,2,0
-196,156,1
-232,-21,0
-86,156,0
-199,105,0
228,-16,0
-102,180,0
-150,2,1
96,146,0
2,21,1
197,-16,0
-19,8,0
210,146,1
123,183,0
-30,8,0
225,31,0
133,210,1
-122,242,0
-60,97,1
-14,198,0
81,131,0
-25,18,0
-11,21,0
-16,16,0
2,-1,1
-243,-15,1
151,80,0
235,95,0
117,120,0
-79,188,0
12,7,0
186,580,0
-1,0,0
-56,51,1
-20,38,0
37,200,1
84,252,0
14,62,0
-11,-1,1
-63,277,1
51,242,1
-6,247,0
-14,3,1
22,242,0
-19,11,0
236,-1,0
73,-1,1
128,116,0
115,219,0
-74,237,0
-150,200,0
102,229,0
94,65,0
-219,139,1
-104,237,0
-2,16,0
0,7,0
78,154,0
-140,16,1
-138,41,0
232,28,0
133,134,0
-11,16,0
-12,95,1
-14,11,1
46,51,0
-156,41,0
-201,134,0
-181,105,0
104,242,1
-47,11,0
243,28,1
15,18,0
-232,41,0
0,1,1
86,139,1
87,149,0
-48,105,0
243,-6,0
64,120,1
-96,139,1
14,7,1
-73,46,1
55,67,0
-184,170,1
110,80,1
92,144,1
-106,219,0
79,180,0
-83,136,0
-9,11,0
-14,146,1
-34,160,0
1,7,1
-9,31,0
2,16,1
91,146,1
-160,18,0
112,139,0
-117,28,0
133,213,0
236,70,1
-2,170,1
19,16,1
-115,229,0
102,224,0
-158,208,0
-137,237,1
74,272,1
-143,165,0
217,-11,1
-52,252,0
-37,249,0
141,244,1
91,272,0
2,0,1
-4,-1,1
115,7,0
9,252,1
-217,149,0
143,144,1
0,1,1
-245,-16,0
179,-1,0
-194,21,1
33,46,1
-186,65,1
-7,0,0
1,-1,1
120,164,1
27,259,0
82,170,0
-9,198,0
-161,106,1
158,87,1
15,16,0
220,120,1
27,156,0
-7,-1,1
-84,232,0
4,46,0
-163,56,0
223,23,1
97,228,0
32,56,1
19,7,0
-119,237,0
0,180,0
84,21,0
-50,16,0
33,21,0
-2,170,1
15,7,1
-241,0,0
-53,180,0
-101,11,1
-130,131,1
-96,136,1
-20,2,1
-12,21,1
-9,254,0
-48,21,0
-45,105,0
-30,26,1
-230,2,1
14,2,1
187,16,1
-194,178,0
168,11,1
-6,11,1
-99,31,1
-88,141,0
-24,16,0
245,2,0
-74,316,0
-55,36,1
17,13,0
-230,72,0
115,95,0
74,26,0
-4,7,1
9,11,1
-138,134,1
-197,185,0
-89,7,0
99,234,0
19,120,0
159,178,1
-9,-5,1
101,188,0
76,232,0
-47,8,1
-151,-19,1
-133,-31,0
-96,224,0
12,-5,1
-14,0,0
-1,11,0
-32,2,0
89,228,0
1,120,1
0,247,0
112,116,0
-101,169,0
241,16,1
173,-21,0
45,139,0
4,62,1
191,151,0
181,-21,1
141,195,0
-1,218,0
-27,16,0
69,36,0
-163,195,0
-176,95,1
13,243,0
-138,149,0
22,11,0
91,146,0
-65,16,1
-102,144,0
6,7,1
-78,242,0
78,237,0
-12,-1,1
-74,-5,0
235,26,0
97,156,0
17,0,0
150,190,1
-119,62,0
87,203,0
-217,141,1
69,154,0
146,16,1
-125,223,0
-204,154,0
-227,100,1
225,36,0
228,0,0
-214,120,0
-130,-10,0
15,-1,1
89,46,1
96,287,0
-14,-1,1
-9,46,0
-35,31,0
143,21,0
-6,-1,1
-209,11,1
-92,11,1
-199,2,0
12,-11,1
-237,-11,0
99,75,1
12,-6,1
81,160,1
-124,213,0
-27,13,0
110,262,1
-16,-1,1
-169,61,0
-2,7,1
-109,223,0
-20,2,1
94,190,0
-161,121,0
-132,205,0
-56,18,1
0,1,1
-7,43,0
-171,188,1
9,31,1
-25,13,1
-106,224,0
240,16,0
146,146,0
-171,180,0
-240,18,0
30,11,0
32,90,1
132,213,0
38,278,1
141,3,1
-151,82,1
15,51,1
-2,151,1
53,65,0
166,200,0
22,0,0
114,82,0
232,-21,1
158,188,0
71,129,1
-106,23,0
0,1,1
19,33,1
-176,85,0
81,38,0
138,208,0
-48,8,1
25,-1,1
-165,11,1
-74,178,0
-29,67,0
-7,23,1
-4,80,0
-143,159,0
10,16,1
4,11,1
228,41,1
6,80,1
-189,134,0
169,188,0
133,16,0
-160,31,0
72,9,0
0,38,1
4,21,1
-50,298,0
32,16,1
168,56,0
174,-1,0
114,198,0
-84,203,1
6,9,0
179,175,1
-71,85,0
69,218,1
-104,282,1
-19,2,0
84,282,1
-209,146,0
-63,11,1
-127,7,1
-150,75,0
-191,203,0
133,-6,0
-140,106,1
-7,13,1
143,80,1
217,129,0
-6,7,1
92,136,0
151,267,0
171,178,1
-158,-31,1
150,141,0
122,110,0
-24,-1,1
-4,193,1
-227,101,0
20,80,0
200,-6,0
-27,262,0
-142,139,0
22,-1,0
123,165,0
145,208,0
138,-10,0
27,-6,1
-83,75,0
2,65,0
22,80,1
-74,18,0
45,61,0
1,252,0
22,18,0
15,-6,1
-42,97,0
17,105,0
-81,242,0
-91,149,0
138,-11,1
-169,-26,0
50,237,1
68,244,0
102,21,1
-76,11,0
-61,232,0
10,-1,0
-34,247,1
143,203,0
171,7,1
194,159,1
199,156,0
14,3,0
14,-1,1
123,237,1
12,65,1
68,26,0
-115,120,0
146,193,1
177,169,0
130,61,0
-163,-26,0
140,136,0
-7,7,1
19,183,1
-68,46,1
-169,46,1
117,218,0
-130,110,0
-106,234,0
56,239,1
-1,3,0
-17,8,1
-112,131,1
86,97,0
-2,-6,1
78,237,0
91,139,0
130,160,1
-19,33,0
32,31,0
228,-15,0
-34,11,0
189,188,0
22,-6,0
-197,144,0
228,-21,1
169,195,0
17,16,1
-1,139,1
158,52,1
28,7,0
-6,21,0
130,46,1
46,7,1
-99,232,0
9,7,1
-76,232,1
107,224,0
210,139,0
9,141,1
4,23,0
-14,224,0
145,16,0
6,-5,1
-102,16,1
38,70,0
-19,-6,1
-11,-1,1
-220,131,0
6,2,0
-74,-1,0
-238,-19,0
-2,7,1
-171,198,0
195,2,1
-68,18,1
220,129,0
-91,101,0
-25,198,0
-204,159,1
109,244,0
68,234,0
192,46,1
-9,26,0
-6,16,1
-70,178,0
58,105,0
-29,-1,0
97,178,0
-9,247,1
-1,242,0
150,-10,0
-194,203,0
197,174,0
-66,51,1
182,174,0
28,183,1
74,21,1
-130,-21,1
0,1,1
-17,3,0
-7,2,1
-12,8,1
-17,-6,1
-227,2,0
-65,46,1
73,252,1
-222,7,1
82,228,0
-32,3,0
-48,7,0
1,105,0
-147,46,0
17,41,0
-22,2,0
138,23,1
-22,13,0
-150,144,1
-12,257,0
-45,8,0
109,85,0
24,3,0
-223,90,0
101,228,0
-66,52,1
-14,2,1
-17,7,1
-16,2,0
-120,249,0
-199,120,0
197,-6,0
12,262,0
-192,190,0
-84,7,0
22,169,0
-192,200,1
-151,-1,1
-83,195,1
-106,16,0
1,3,0
-125,213,0
9,46,0
-78,134,0
-196,164,1
-11,2,1
-227,-1,0
0,-1,1
-34,7,0
87,144,0
-56,26,0
37,164,0
-78,149,1
-74,139,0
15,2,1
148,144,1
119,170,0
130,8,1
-17,0,1
-97,7,1
15,8,1
130,18,1
9,21,0
-86,92,1
12,262,1
163,203,1
-14,7,0
134,233,0
-135,218,0
9,13,0
122,75,0
-166,149,1
40,62,0
-14,7,1
53,247,0
-70,244,0
115,219,1
-212,-11,1
123,-11,1
42,18,0
223,37,1
26,21,0
76,183,0
50,125,0
8,11,1
-147,217,0
-41,101,0
-18,11,0
-103,228,0
-52,16,1
76,184,0
-147,124,1
-240,31,0
5,18,0
-217,124,1
3,41,0
-145,129,1
0,1,1
-165,-5,1
68,238,1
-16,18,1
58,3,0
-70,65,1
103,31,0
-134,153,0
-10,3,1
-39,11,1
-11,256,0
130,139,1
-143,120,0
-89,105,1
-173,2,0
-222,110,1
24,-11,0
-142,110,1
-148,105,1
-91,237,0
233,3,0
46,36,0
112,223,0
-24,3,1
-47,41,0
-55,105,1
24,11,0
-79,252,1
171,293,0
-107,149,0
164,195,0
-235,71,0
74,252,0
-205,144,1
-73,126,1
33,41,1
-147,213,0
-151,-5,0
120,134,0
217,170,0
68,121,0
15,-1,0
-122,11,1
-237,-24,0
189,16,0
-205,134,0
46,52,0
-74,56,1
78,3,0
-230,141,0
1,65,0
-35,121,0
109,57,1
-2,7,1
-61,70,1
-109,169,0
-168,223,0
-133,139,0
148,154,1
205,134,0
14,28,1
-16,26,0
48,85,0
-4,11,1
186,193,1
-107,7,1
-74,28,0
19,26,1
-222,115,0
-1,31,0
-4,21,0
87,23,0
197,169,0
-166,26,0
153,8,0
6,116,0
-104,180,0
58,120,1
17,11,0
-22,3,1
-235,-1,0
-29,11,1
15,7,1
-37,244,1
-61,70,1
-71,129,0
24,8,0
-158,193,1
-6,169,1
42,7,1
-179,139,0
14,57,1
110,141,1
9,249,0
-143,144,1
-4,85,1
51,232,1
-63,100,0
199,154,0
-112,16,0
-2,259,0
-16,120,0
-240,-11,0
-50,262,0
2,136,0
82,170,1
-24,-1,1
99,95,0
14,-1,1
9,7,0
135,-1,0
-74,115,0
-58,75,1
-17,-1,0
-199,-1,0
-202,149,0
120,182,0
-97,264,1
94,164,1
9,-11,0
-181,-5,1
-38,38,0
82,252,0
-2,18,1
86,247,1
-125,82,0
1,2,1
37,244,1
123,139,0
-81,190,0
-240,57,1
176,174,1
6,2,0
-66,149,0
1,11,0
173,208,0
-187,124,0
169,203,1
-135,121,1
-106,101,1
10,16,0
-109,259,0
-132,229,0
163,218,1
-106,36,0
14,111,0
-171,198,0
50,198,0
151,-5,1
146,154,1
19,0,0
166,2,1
143,124,1
-189,-10,1
-9,277,0
-71,13,0
1,8,1
217,139,0
127,2,0
246,-19,1
20,11,0
125,3,0
151,56,0
82,195,0
133,110,1
148,205,1
-227,85,0
-145,-1,0
17,31,0
107,116,0
246,-6,0
-107,131,1
-52,159,0
-205,144,1
-37,149,0
236,-21,1
-181,188,1
-181,183,0
-133,33,0
28,92,1
158,-15,1
-50,16,0
-78,174,1
20,8,0
-37,144,1
-2,2,1
-37,257,0
-163,208,0
236,-26,0
17,0,1
-137,-16,0
-214,134,0
-97,139,0
-58,23,0
-171,-6,0
-17,-1,0
-6,3,1
9,242,1
153,-6,0
137,120,1
0,159,0
74,200,1
-191,203,0
-176,198,0
78,237,0
-122,85,1
104,28,0
105,46,1
9,13,1
-130,62,1
-63,62,1
-56,52,1
-2,70,0
102,169,0
69,252,1
51,124,1
-117,16,0
161,0,0
24,252,0
33,116,0
-228,75,0
-81,7,1
-65,110,1
-24,26,1
-12,154,1
192,149,1
14,2,1
161,8,1
25,2,1
0,239,0
-27,2,1
78,8,0
112,178,0
-223,-16,0
-9,0,1
-11,2,1
-197,169,1
164,47,0
104,224,0
15,18,0
158,193,1
4,609,0
-37,11,0
-14,-1,0
-212,144,0
47,121,0
-75,45,1
-178,169,0
109,227,0
112,104,0
0,8,1
-51,169,0
-145,202,0
-15,13,1
0,11,1
24,256,0
-209,91,0
78,129,0
-5,153,1
73,243,0
116,217,1
-18,11,0
-142,-21,0
-186,121,1
140,218,1
6,7,1
-97,7,0
-168,193,0
91,232,0
-83,144,0
-1,8,1
236,72,1
176,36,1
-209,129,0
-83,237,0
-209,149,0
9,247,0
-1,124,0
199,159,1
-2,8,0
-83,232,0
-197,85,0
123,223,0
105,115,0
-91,36,1
17,3,1
96,97,0
-19,43,0
133,134,0
194,174,0
140,219,0
81,70,0
187,28,0
-86,70,0
1,7,1
-94,144,1
-109,237,0
45,16,0
15,21,1
-12,7,0
240,87,1
156,18,0
-25,11,1
69,247,1
73,252,0
17,21,0
-34,247,0
-1,16,0
-14,47,0
2,26,0
101,144,0
-233,-1,0
-2,51,1
-129,38,0
-209,3,0
-19,0,0
86,224,0
-68,244,1
87,126,1
-9,-1,1
-106,115,0
166,23,0
-40,18,1
156,174,0
79,232,1
10,0,1
-11,11,1
141,67,1
155,36,0
-17,7,0
-6,7,1
91,13,0
19,239,1
176,174,0
-156,198,0
0,11,1
-61,234,0
97,149,0
14,16,0
133,120,0
-110,154,0
-90,209,1
109,31,1
107,120,1
50,18,0
-83,232,0
143,200,1
155,193,0
79,144,1
0,1,1
0,1,1
-163,-21,1
27,90,0
-74,121,0
78,203,0
0,1,1
-186,149,0
-194,100,0
28,16,0
14,-1,1
169,151,0
-99,38,0
122,154,1
-70,185,0
-228,38,1
217,-16,1
189,87,0
-91,18,0
-38,252,0
-84,273,1
-17,-5,1
-112,-1,0
0,1,1
-45,14,0
87,23,0
128,218,0
-186,131,1
-79,154,0
60,237,0
176,195,1
-73,36,0
-227,106,0
17,0,1
105,234,0
-130,213,1
-92,232,1
-202,159,0
89,141,0
-92,149,1
-71,149,1
171,208,1
174,134,0
-192,175,0
238,75,0
-133,159,0
42,120,0
-161,208,0
138,-16,0
164,198,1
-24,8,1
-104,149,0
-68,51,1
-27,4,1
28,0,0
-17,31,1
-12,95,0
-60,174,1
200,154,0
-52,46,0
107,2,0
168,-5,0
17,13,0
24,2,1
145,82,0
189,-6,0
9,115,0
9,129,0
1,1,0
-94,203,1
-9,180,0
-12,2,0
176,165,0
238,2,0
40,11,0
25,16,0
-112,185,0
-24,174,0
9,164,0
-1,11,1
-133,101,0
112,36,0
150,13,0
6,7,1
-92,-6,0
-192,156,0
-101,198,1
14,3,1
-137,51,0
-78,242,0
-2,11,1
-184,180,1
235,131,0
-55,105,0
22,7,1
117,51,1
-165,164,1
173,80,1
-17,7,0
199,141,1
-78,2,1
-143,149,1
-58,41,1
51,169,0
0,1,1
-110,36,0
-86,164,0
-147,188,0
27,134,0
40,8,0
-53,7,0
-83,237,0
101,247,0
122,144,0
158,190,1
35,21,1
-94,237,0
115,-1,0
0,1,1
33,208,0
9,16,1
76,139,0
-79,61,0
-189,198,0
22,139,0
-11,11,0
20,249,0
6,0,1
-97,141,0
107,144,1
9,-1,0
-199,110,0
53,239,0
17,0,1
210,105,0
97,144,1
-16,2,0
12,0,1
233,90,0
-117,252,1
-65,136,0
153,195,0
169,198,1
48,249,1
102,126,0
114,149,1
-83,8,0
-189,124,1
79,193,1
-43,146,0
74,154,1
-63,115,1
64,146,0
187,164,1
43,169,0
-12,3,1
158,193,1
192,8,0
137,105,0
50,126,1
-147,141,0
55,121,0
-186,165,1
22,-6,1
19,7,0
-1,7,0
-48,247,0
-161,23,0
-12,-1,0
17,-1,1
-227,-6,0
-183,178,1
-45,11,0
-1,-1,1
0,1,1
-16,2,1
30,249,1
-223,110,0
-78,28,1
-71,254,0
0,1,1
-17,2,1
-32,18,0
168,198,0
-17,2,1
-16,0,1
-27,16,0
-92,136,0
-171,180,1
82,144,1
10,47,0
123,47,1
114,154,0
-94,144,1
94,141,1
-12,23,0
-4,252,1
-137,198,1
-209,126,0
24,3,1
27,3,1
132,228,1
22,7,1
-1,7,1
-119,214,1
-148,208,1
-22,65,0
-7,247,1
245,-15,0
110,151,0
-70,72,1
2,16,1
-102,224,1
15,7,1
-107,52,0
-45,77,1
-114,219,0
-232,-1,1
12,144,0
-104,47,0
-7,11,0
19,3,1
10,2,1
105,149,0
0,1,1
-96,146,1
87,139,0
-6,4,0
0,1,1
-142,36,0
233,-26,0
78,36,1
-14,7,0
169,174,1
143,134,1
-187,210,0
-25,56,1
28,2,0
-17,2,1
-214,124,0
-109,146,1
14,2,0
60,11,0
25,7,1
60,8,0
4,26,1
45,146,1
33,169,1
55,41,0
10,149,0
-168,174,0
58,195,1
138,210,0
125,28,0
56,170,1
143,2,0
-243,28,0
-168,56,0
-7,11,0
-14,2,1
-4,8,1
-110,228,0
2,56,0
232,-11,0
-106,-36,1
20,21,0
-166,200,1
-207,-21,0
-22,11,1
14,-6,1
-217,77,0
151,110,0
45,164,1
-225,-21,1
-61,100,0
-22,-1,1
184,-26,0
125,213,0
-12,7,0
15,0,0
61,110,1
-127,164,0
-25,65,1
200,139,1
-35,106,0
-192,154,0
25,11,1
25,16,0
153,2,0
184,160,1
119,219,0
-232,4,1
164,188,1
-215,124,1
163,47,0
-187,16,0
-102,105,0
-142,203,1
202,183,0
-19,16,1
125,223,0
-1,169,0
117,146,0
55,121,1
182,2,0
236,3,1
-194,23,0
-135,224,0
0,1,1
-53,247,0
1,18,0
9,13,0
-4,13,0
-161,7,0
-45,92,0
-1,213,0
94,159,1
-114,160,0
-91,252,1
107,193,1
84,237,1
-109,237,1
191,170,1
-145,208,0
6,164,1
-24,185,1
6,239,0
-168,210,0
0,1,1
0,1,1
-127,70,1
-176,174,0
153,70,1
-61,165,1
-191,43,1
199,139,0
25,8,0
-29,-5,0
-150,154,0
10,18,0
-6,31,1
27,31,1
-1,100,0
-42,183,0
15,13,1
27,8,1
1,13,1
-228,11,0
58,175,0
-45,129,1
-104,244,0
28,7,1
19,0,0
45,70,1
-14,11,0
-83,159,1
209,16,1
105,144,0
-165,203,0
4,178,0
-233,-11,0
153,3,0
14,18,1
6,7,0
9,33,1
28,31,0
14,2,0
-191,195,0
-9,111,0
-20,11,0
51,46,0
-74,90,1
-133,-5,1
135,129,0
89,33,0
215,13,0
48,13,0
4,200,0
20,0,1
58,105,0
55,164,1
96,144,0
-78,36,0
-16,183,0
27,11,0
117,159,0
-97,100,1
-125,218,0
-153,-16,1
2,0,1
132,218,0
66,100,1
238,2,1
-81,11,0
163,65,0
-96,110,0
9,178,0
-22,252,0
9,178,0
-209,139,1
-94,18,1
-133,52,0
66,164,1
215,134,1
233,57,1
-52,178,1
125,218,1
197,136,0
0,1,1
187,174,0
68,26,0
-178,180,0
-120,164,0
19,75,0
-86,13,1
0,1,1
-1,223,0
-145,144,1
-235,-1,0
9,257,0
-227,11,1
-212,-4,1
-122,228,1
-9,11,1
-7,2,0
-11,262,1
-165,200,1
-83,242,1
-6,7,0
-9,16,1
10,16,1
28,262,0
17,16,0
-168,16,0
56,105,0
-25,-1,0
-71,193,0
114,151,0
-119,237,1
82,237,0
-12,252,0
-61,121,1
-20,16,0
-14,7,1
112,120,0
32,247,0
-20,3,0
-16,11,0
-99,159,1
135,106,1
32,8,0
233,13,0
177,36,0
-34,26,0
-243,33,0
-84,311,0
56,252,0
-101,146,1
-133,198,0
195,159,0
-66,85,0
-11,82,1
-143,193,0
-12,46,1
9,16,0
132,120,1
205,21,0
-147,36,1
9,41,0
58,70,1
94,110,0
168,0,0
0,1,1
0,1,1
-112,169,1
19,218,0
0,1,1
-97,228,1
91,129,0
-30,14,0
81,52,1
137,11,0
115,100,1
248,75,0
-156,-5,1
-88,62,0
-235,92,0
-1,36,1
233,-10,1
181,183,0
-9,3,1
86,146,0
40,10,0
179,-1,0
-83,70,0
-7,16,1
9,7,1
-14,2,1
-4,2,0
-155,95,0
32,16,0
-122,2,1
38,13,0
27,7,0
-109,13,0
-50,244,1
-137,237,0
-223,134,0
130,214,0
55,151,1
9,8,1
119,219,1
155,210,0
125,115,0
-19,11,0
232,-11,1
17,2,0
-183,134,0
84,16,1
-156,200,0
0,2,1
-40,165,0
20,-1,0
89,144,1
-112,21,1
102,144,1
0,1,1
51,234,0
230,-10,1
101,169,1
0,1,1
133,16,0
158,208,1
-210,95,1
91,154,0
-233,105,1
204,149,1
-179,178,0
-4,249,0
133,144,1
-194,164,0
-11,159,1
0,1,1
-129,120,0
141,136,1
-32,7,0
97,2,0
0,1,1
182,115,0
-20,180,0
-107,223,1
24,13,1
159,26,1
228,-10,1
60,218,0
-23,0,0
81,7,1
14,7,0
-102,11,0
-14,16,1
-165,190,0
-109,110,0
-187,210,1
-138,36,1
112,229,1
-174,75,0
81,47,0
-166,154,1
-12,134,0
-138,7,0
-42,21,1
-150,249,0
153,210,0
45,249,0
225,47,1
-89,90,0
-94,21,1
-176,193,1
92,141,0
184,-1,0
102,232,0
14,0,0
-106,16,0
60,174,1
-70,252,0
1,2,0
-6,232,0
-58,7,1
-2,259,0
15,7,1
236,11,1
109,159,0
-2,193,0
-30,111,1
68,242,0
68,156,0
-120,36,0
-227,110,0
176,178,1
-114,288,0
230,97,1
-219,131,0
137,228,0
140,110,1
-204,139,0
-12,-1,1
-181,139,1
-132,31,0
-233,105,0
-169,-1,1
-233,7,0
-127,-26,0
86,134,1
114,228,1
78,203,0
-120,136,1
-68,159,1
74,156,0
-161,72,0
174,193,1
159,198,1
-115,144,0
76,38,0
99,229,0
-12,-5,1
-32,80,0
-29,46,0
212,154,0
110,3,1
-143,-5,0
-29,-1,1
-1,16,0
230,85,1
-7,-6,1
76,316,1
168,540,0
-137,56,0
-137,151,1
10,7,1
-81,13,0
-160,208,0
-227,90,0
87,185,1
33,188,1
-104,139,1
-17,-1,0
-1,2,1
-222,111,1
-11,254,0
-30,8,0
-102,190,0
94,43,1
2,21,0
125,41,0
-4,151,0
28,56,1
10,-1,1
240,31,1
-97,46,1
-27,180,0
-178,203,0
4,105,1
0,105,0
0,85,1
-110,144,1
97,219,1
-124,160,0
-94,219,0
-233,31,0
135,106,0
28,-5,1
-60,146,1
-89,121,0
61,56,1
22,-6,1
81,67,1
-1,188,1
135,124,1
58,160,0
-53,16,1
-145,72,1
-92,205,1
104,85,0
-112,193,0
107,16,0
6,8,0
150,111,0
42,52,1
-37,11,1
-107,164,1
24,31,1
24,0,1
12,31,0
15,7,0
38,41,0
40,134,1
158,46,0
4,13,1
-115,146,0
15,120,1
96,33,0
-2,56,1
138,141,0
-12,247,1
19,7,1
-210,2,0
141,85,1
-94,239,1
230,105,0
-16,-5,0
-73,175,0
145,208,0
-4,7,0
91,237,0
166,7,0
55,218,0
0,1,1
69,247,1
64,247,0
-9,0,0
-9,198,0
122,70,0
-112,239,0
42,21,0
9,183,0
79,203,0
-9,11,0
-114,80,0
-214,144,0
-40,121,0
-66,193,0
-79,154,0
48,21,0
-201,169,0
-174,11,0
46,105,1
-129,56,0
22,164,0
-19,3,1
1,-10,1
-13,5,0
-212,134,0
204,134,0
55,169,0
-78,237,0
61,156,1
-79,85,1
66,180,0
10,8,1
24,7,0
-2,0,0
0,149,1
-86,232,0
-160,198,0
56,3,0
63,151,0
9,0,0
-30,159,0
115,131,0
128,229,0
68,277,1
-88,229,1
105,2,0
56,185,1
-179,193,0
156,208,0
-58,139,1
38,116,1
89,18,1
-181,126,1
146,11,0
151,3,0
146,11,1
166,183,1
-148,203,0
-94,11,0
-199,139,0
-197,-10,0
1,262,0
122,159,0
97,87,0
-47,46,0
-124,105,0
19,-1,0
-202,110,0
-124,101,0
-61,7,0
64,28,1
27,57,1
204,151,1
91,239,0
-160,170,1
101,23,1
-158,121,1
-143,11,1
-2,8,0
140,11,0
1,8,0
-76,26,1
119,160,0
10,70,1
-142,198,0
164,0,0
84,244,1
158,41,1
9,-5,1
101,237,0
22,139,1
164,208,0
-20,2,0
6,11,1
117,193,0
123,11,1
-11,7,1
-99,38,1
-135,213,0
-92,242,0
-2,0,1
2,277,1
0,7,0
-14,7,1
-1,252,1
68,303,0
86,61,0
97,198,0
-30,4,0
235,41,0
176,178,1
1,16,0
-153,193,1
148,11,1
61,110,0
-35,195,0
-86,198,0
28,11,1
-52,239,0
-1,154,1
173,193,0
133,115,1
-110,188,0
-112,101,1
12,180,0
6,11,1
186,51,1
158,111,1
1,3,1
-7,11,0
0,1,1
-38,242,0
1,-1,1
-125,160,0
6,51,1
73,249,1
74,115,1
158,75,0
-89,232,1
-48,244,0
-17,3,0
233,67,0
60,269,1
-40,242,1
-122,120,0
-11,7,1
-17,-5,1
61,11,0
89,232,0
-129,149,0
-43,21,0
69,134,0
-78,23,1
-29,95,1
28,3,1
-76,115,1
-133,95,1
-6,252,0
6,2,1
148,57,1
146,210,0
-151,100,0
-32,51,0
6,41,0
-70,8,0
-14,-1,0
74,139,0
-35,8,0
2,11,1
-119,224,0
-107,13,1
-51,243,0
-42,159,0
-130,134,1
33,101,0
79,242,0
-38,232,0
-148,213,0
68,16,1
230,134,1
163,-16,1
1,1,0
177,90,0
32,2,0
-11,-10,1
1,26,0
68,51,1
-62,24,0
55,56,1
-202,183,0
0,11,0
-60,159,0
42,287,0
-223,101,1
-102,160,0
112,87,1
-61,61,0
60,247,0
22,2,0
-174,115,0
87,264,1
64,120,0
6,90,0
-205,85,1
110,26,0
51,70,1
-19,8,0
173,8,0
134,194,0
-4,18,0
-76,2,1
-235,16,0
-230,-1,0
19,16,1
125,111,0
-232,-1,0
-24,259,0
-233,120,1
123,47,0
14,11,1
122,149,0
-4,8,0
-14,7,1
235,82,1
28,7,0
-228,-1,0
-94,200,0
-114,16,0
-7,219,0
-63,110,0
109,13,1
-58,124,0
-12,11,0
-43,7,1
-125,229,0
-58,56,0
-114,239,1
-83,31,1
89,247,1
-78,257,1
-129,228,0
-84,36,1
-84,18,1
66,239,0
-209,62,1
-19,8,0
-127,124,0
-186,180,1
-204,90,0
-133,228,0
4,306,0
155,7,1
-210,-6,1
4,105,1
-205,21,0
12,7,1
42,33,1
-35,34,1
-50,203,0
63,239,0
64,116,1
74,104,1
-168,188,0
-100,52,0
2,37,0
20,5,0
1,21,1
120,46,1
65,113,1
-43,243,0
-9,125,0
48,19,0
-140,136,1
-114,221,0
14,50,0
-4,9,0
5,4,1
97,25,0
-78,20,0
-1,4,1
113,237,1
130,28,1
134,217,0
85,209,0
85,246,1
-124,-9,1
-226,17,1
114,237,0
-60,194,1
-155,197,0
-121,23,0
90,164,0
-5,11,1
0,-4,0
-6,27,0
234,57,0
220,159,1
2,267,0
128,231,0
77,42,1
112,32,0
126,229,0
14,48,1
87,140,0
29,110,1
19,152,0
8,20,1
-148,211,0
67,37,0
124,94,0
-60,141,1
35,128,1
138,-9,1
-32,268,0
-1,5,0
21,53,1
161,189,1
147,202,0
-57,48,0
-180,71,1
65,34,1
72,124,0
89,232,0
-228,64,0
2,1,1
-30,256,1
-156,200,0
0,200,0
-207,146,0
-122,-4,1
83,145,0
27,156,0
122,31,1
-70,236,0
8,277,1
36,181,1
-43,38,1
-127,22,0
-121,36,0
-131,18,0
106,17,0
-127,-22,0
-112,74,0
-159,199,1
-81,59,1
-40,28,0
-1,137,1
-77,95,0
-12,148,0
-1,27,1
-117,220,0
27,6,1
-143,215,1
-226,71,1
11,6,1
83,74,1
56,260,0
-190,164,1
-105,230,1
-147,222,0
-97,105,1
-3,208,1
-9,3,0
-136,100,0
-8,16,0
63,162,0
20,248,1
187,17,1
2,105,1
-5,260,0
-225,86,0
52,2,0
-104,92,0
2,18,1
10,8,1
-89,246,1
151,53,1
11,251,1
30,194,0
-205,143,1
-15,257,1
-85,169,1
7,147,0
-122,151,0
98,241,0
-75,-1,0
79,50,0
-144,256,0
62,96,1
-2,15,0
-5,70,1
154,220,0
65,13,0
-149,209,1
-185,176,1
41,78,1
-228,62,1
78,166,0
1,6,1
-25,197,0
95,235,0
-163,211,0
119,306,0
-14,6,1
0,4,1
193,153,1
-168,33,0
-14,4,0
200,10,1
15,17,1
20,265,0
-110,237,0
-6,15,1
-8,9,1
-171,183,0
-125,225,0
49,176,0
-231,-12,1
-108,173,1
2,21,1
0,32,0
-93,4,0
-111,230,1
79,175,1
226,-22,0
-132,38,1
106,4,0
-4,158,0
-16,11,0
-230,-15,0
74,242,0
201,153,0
2,250,1
-112,218,0
-98,153,1
-105,152,1
136,6,0
-113,221,0
-89,17,1
-4,-7,0
-123,216,0
-43,83,1
158,2,0
15,20,0
14,4,0
-1,170,1
84,215,0
6,131,0
3,84,0
2,65,1
-171,194,0
2,15,1
-62,110,1
-50,36,1
95,74,0
151,215,1
201,174,0
-44,89,0
36,11,1
58,246,0
36,17,1
-40,16,0
5,4,1
-32,156,0
231,22,0
-86,145,1
-8,4,0
100,232,0
92,116,0
-47,25,0
67,179,0
91,34,1
35,116,1
-23,20,0
221,112,0
-53,246,0
-92,130,0
-70,103,0
-113,87,1
-32,267,0
10,204,1
-231,34,0
14,71,0
107,237,1
136,237,1
-228,-21,0
117,243,1
-89,144,1
93,230,1
-70,110,0
84,145,1
2,4,1
-67,26,0
-4,21,1
-75,125,0
-223,92,0
-3,169,1
-65,211,0
5,741,0
-24,252,1
-2,148,1
85,29,1
-3,258,1
-18,183,1
-78,248,0
19,4,1
160,55,1
-50,29,0
88,-2,0
222,-6,1
4,25,1
41,17,1
127,237,0
-187,181,1
-133,38,0
-117,-13,0
-14,74,1
-174,194,0
-20,3,1
-108,13,1
-36,173,1
-189,122,0
-42,158,1
190,164,0
223,120,1
-168,129,0
-47,150,0
-189,166,0
-55,11,0
13,264,1
-40,262,0
122,96,1
-39,13,0
37,70,0
52,116,0
187,159,0
-29,125,1
-141,37,0
14,1,1
-47,92,0
6,83,1
131,224,1
-3,3,1
230,42,0
-91,19,0
119,130,0
24,268,1
-226,63,1
1,22,1
-3,260,0
29,269,1
7,52,0
-223,21,1
-120,246,0
29,198,1
-226,21,0
128,225,1
-86,287,1
169,201,0
11,8,0
-17,28,1
-11,57,0
-111,221,0
8,22,0
-6,116,0
-27,178,1
0,17,1
-25,7,1
-107,65,1
-109,238,0
122,238,0
-16,264,0
-20,193,1
-225,113,0
-230,5,1
68,62,1
3,99,0
-171,180,1
127,283,0
54,241,0
66,85,0
-127,213,0
-10,9,1
-3,10,0
-4,6,0
-70,247,0
179,269,0
166,-13,1
-172,93,1
-2,254,0
-136,21,0
-87,-14,0
200,158,0
91,157,1
0,137,0
5,0,0
122,94,1
-3,9,0
-84,79,0
-158,200,1
-3,3,1
-48,252,0
-25,252,0
-200,80,0
8,11,1
-150,239,1
121,22,0
-70,38,0
-22,14,0
-4,14,0
115,9,0
-152,226,0
-8,262,0
96,196,1
35,10,0
151,204,0
40,186,1
-223,144,0
42,57,0
-57,129,1
-118,213,0
57,106,0
-4,1,0
0,10,1
197,167,0
-71,8,0
-102,178,0
-8,0,1
231,-4,1
-116,216,1
61,119,0
-4,9,0
109,6,1
71,251,1
97,231,0
5,54,0
-116,235,1
-87,257,1
-22,230,0
-1,8,1
-133,218,0
-127,160,1
-5,148,0
8,5,1
-78,200,0
-3,216,0
-29,269,0
146,58,1
-131,242,1
-163,128,1
188,206,0
-9,13,1
-81,84,1
-43,29,1
-176,169,1
182,170,1
54,239,1
-9,65,0
-123,249,0
-66,107,1
46,24,1
10,2,1
-13,33,1
-96,241,0
-1,13,1
-172,71,1
-135,1,0
88,27,1
-63,30,0
28,19,0
-32,8,1
-143,222,0
-31,8,1
-42,167,1
-130,136,0
126,247,0
-140,7,0
-3,87,1
-90,20,0
-209,166,0
71,109,0
-2,1,1
1,148,1
-206,156,1
-8,-1,1
70,246,0
16,26,0
77,182,0
11,45,0
85,59,0
-67,250,0
-96,241,0
175,127,0
47,9,0
0,-6,1
-111,255,1
92,45,1
-143,220,1
1,6,1
-96,-20,1
74,100,1
136,1,1
-103,-13,0
-89,199,0
-51,39,0
-99,153,0
-35,27,1
-109,78,1
3,6,1
-54,32,0
68,237,1
33,267,1
133,164,0
-3,1,1
139,217,1
-79,185,1
-36,125,0
-90,259,0
96,23,0
-72,68,0
-229,53,0
-221,10,0
-17,64,0
106,235,1
-73,35,0
-10,15,1
83,108,0
39,142,1
2,87,0
63,240,0
-117,51,1
-12,153,1
-36,7,0
-70,252,1
-229,59,1
93,134,0
-96,241,0
-3,2,1
-55,248,0
-226,-11,0
10,97,1
136,216,0
72,125,0
-46,269,1
-169,25,0
-227,72,0
-96,135,1
-29,225,1
111,151,1
79,50,0
-4,0,0
-207,136,0
-64,180,0
-4,22,0
-22,-1,0
-168,182,1
-106,40,0
-230,42,0
-84,145,0
-8,64,1
67,31,1
-169,179,0
-14,5,0
206,133,0
-158,211,0
-106,4,1
-168,189,1
0,69,0
79,75,0
-20,257,0
107,230,0
-22,16,1
37,216,0
-29,16,1
118,106,0
145,0,1
-6,283,1
63,211,0
1,32,0
132,10,1
-93,78,0
65,245,0
68,268,0
-103,249,1
-169,196,0
203,149,1
-117,246,1
119,-20,0
-60,113,1
-225,20,1
54,252,0
-56,94,1
-51,263,1
174,226,0
-3,1,0
-1,10,0
86,200,0
-2,16,0
-3,8,0
-27,187,0
-9,17,1
50,180,1
-31,29,0
0,-1,1
-214,222,0
-42,236,1
55,153,1
116,116,1
110,0,1
-52,146,0
-9,158,0
-64,216,0
38,95,0
-14,7,0
2,13,1
-231,146,1
-119,223,0
63,241,1
124,-15,0
18,31,1
156,34,0
-53,239,1
-36,46,0
84,235,0
6,27,0
119,225,0
180,164,0
117,4,1
-106,230,0
-139,235,1
2,11,0
11,264,1
5,21,0
69,143,1
-77,96,1
-6,-6,1
4,15,0
-1,41,0
2,-4,0
-128,111,0
-140,211,0
0,25,1
107,272,1
-138,198,0
-114,216,0
5,1,1
151,48,0
-65,26,0
234,-8,0
-46,196,0
53,254,1
-62,152,0
107,233,0
-93,232,1
-57,264,1
-47,263,0
122,216,1
105,82,1
-54,246,1
-93,243,0
55,30,0
44,258,0
-36,178,0
-1,7,1
-127,186,0
-51,273,1
-6,170,1
-9,270,0
0,11,1
-7,-5,1
-95,242,0
-221,106,1
-8,4,1
3,6,0
-4,-5,1
24,246,0
-9,1,0
-149,199,1
174,184,0
13,272,0
40,129,0
-103,252,0
127,230,0
-123,237,0
122,237,0
25,123,0
118,217,1
89,22,0
10,-10,1
-17,160,0
-136,68,1
-29,-1,0
-136,216,0
-55,59,1
131,53,0
9,7,1
-87,63,0
-76,167,0
116,85,1
4,-1,1
-36,49,1
-5,8,1
16,138,0
-1,10,1
71,251,0
6,7,0
-130,247,1
-104,54,0
168,197,0
-31,171,0
-16,148,0
40,266,0
8,15,0
155,19,0
9,14,1
-112,239,0
121,227,1
-139,221,1
32,271,0
11,276,1
-214,140,0
92,66,1
24,56,1
188,108,1
79,269,1
-113,263,0
107,123,1
-71,237,1
-29,21,0
4,29,0
198,85,1
134,207,0
6,11,1
201,130,1
-138,214,1
-23,20,0
188,157,0
-13,3,0
-185,166,0
-87,59,1
-24,6,1
-20,17,1
-228,10,0
-157,190,1
-5,27,1
8,266,0
-205,129,0
-73,53,0
-223,-11,0
-231,-20,1
-170,121,0
0,4,1
-106,253,0
73,123,0
94,73,0
-5,26,0
232,46,0
148,208,0
229,46,0
0,16,0
54,98,0
2,83,0
36,262,0
-46,13,0
0,5,1
-8,195,1
-2,15,1
-81,115,0
-117,249,0
-66,275,0
0,-6,0
-105,15,1
-147,168,0
67,162,0
-230,-8,0
232,59,0
1,9,0
7,11,1
139,177,0
0,-6,1
-1,5,0
60,28,0
-38,278,0
-236,-10,1
31,116,0
44,117,0
-9,262,1
36,205,0
17,29,1
38,84,0
-6,16,0
144,227,1
74,105,1
205,197,0
96,26,1
100,147,0
3,27,1
101,165,0
-77,62,0
-13,258,0
-22,277,1
96,29,1
-73,262,1
181,27,0
74,143,0
11,108,1
-24,261,0
183,209,1
9,30,1
-16,14,1
40,257,1
-179,119,0
232,126,0
130,15,0
116,222,1
90,95,0
64,248,0
92,13,0
-82,232,1
-128,211,0
-25,22,0
40,224,1
11,253,0
-52,261,0
87,151,1
206,151,0
12,22,1
-15,219,0
160,193,0
-85,93,0
-22,180,1
-135,206,0
61,87,0
-2,24,0
-188,159,0
-136,203,0
103,230,0
1,6,1
-1,55,0
-154,217,0
116,25,1
9,4,0
0,8,1
27,18,0
20,101,1
-5,52,0
-2,6,1
143,29,0
3,12,1
-150,89,0
2,8,0
-214,152,0
-109,107,0
-9,1,0
-17,8,1
91,237,0
-20,104,0
-55,116,0
-2,197,1
-52,257,1
-32,247,1
-42,257,1
-16,71,0
-73,168,1
-5,248,1
-55,8,0
8,265,0
-92,233,0
157,201,1
30,251,1
131,13,1
-132,215,0
-71,154,0
-73,216,0
225,101,0
-77,94,0
-237,-13,1
95,108,0
-67,252,1
-75,247,1
221,43,1
72,237,0
0,94,1
-84,247,0
11,267,0
-84,243,0
-63,251,0
155,212,0
3,253,1
11,5,0
-3,4,0
-119,60,1
6,11,1
131,47,1
11,10,0
69,64,0
-47,256,0
4,7,1
0,424,0
41,171,1
-139,4,0
-74,51,0
228,104,0
71,256,0
-239,-37,1
-123,218,0
-200,166,1
-59,246,1
148,83,1
130,105,0
-69,241,0
161,1,0
69,10,0
134,300,0
93,-2,0
-15,6,0
-19,55,0
-116,43,0
-180,193,0
76,272,1
-94,13,1
-125,258,0
136,138,1
-215,143,1
-9,7,0
15,170,0
-85,32,1
-1,7,1
46,80,0
24,12,0
-16,6,0
194,178,1
-168,226,0
2,2,1
9,258,1
-158,197,1
-54,172,1
102,257,0
-24,8,0
-19,221,1
5,5,1
-19,6,1
-96,211,0
-143,167,0
14,262,0
119,39,0
6,5,1
-20,8,0
231,76,1
10,167,0
16,268,0
-90,126,1
-173,209,0
58,271,0
-20,-4,1
-43,224,1
112,153,0
3,9,1
5,-4,1
-95,247,0
-15,3,1
148,201,0
-67,245,0
-6,11,0
-116,180,1
-238,40,0
-2,8,0
-5,4,0
231,13,1
0,8,0
-41,10,1
-101,52,0
-5,8,1
-2,13,1
-27,250,0
98,73,1
97,90,1
-5,5,0
-11,75,0
174,196,0
-171,184,0
-57,118,0
2,4,1
0,2,1
54,155,0
-89,99,0
4,2,1
67,209,0
93,147,0
-79,155,1
-6,-1,1
118,230,0
34,62,1
3,0,1
85,238,1
-133,221,1
-225,17,0
32,75,1
2,4,1
11,26,1
93,160,0
3,7,1
87,59,1
128,-21,0
0,9,1
-101,232,1
39,246,1
172,189,1
99,9,0
-143,162,0
39,11,0
12,256,0
8,1,0
117,227,1
67,8,0
144,-4,1
-221,127,0
-119,-12,1
46,21,0
-32,166,1
-25,199,0
123,135,1
-81,1,0
17,252,0
145,210,1
43,132,0
-224,79,0
-9,12,1
-60,16,1
67,136,1
133,205,1
127,227,0
-148,36,0
6,15,0
-104,228,1
-169,48,0
149,-9,0
237,55,0
121,222,1
13,6,1
-187,166,0
45,73,0
-204,147,1
88,245,1
19,261,0
112,232,0
-84,143,0
36,71,0
92,80,1
2,10,1
-81,6,1
-25,126,0
-28,71,1
27,31,1
-12,6,1
-76,58,0
5,12,1
180,179,1
232,6,0
152,209,1
137,227,0
-109,206,1
-107,219,1
-9,248,0
133,17,0
-3,16,1
47,14,1
13,83,0
-123,96,0
-149,691,0
105,99,0
-50,127,0
92,22,0
-17,272,1
-85,263,1
-157,258,0
48,152,0
-71,137,1
-106,58,1
-8,13,1
-5,259,0
-18,74,0
0,11,1
64,42,1
71,246,0
-92,147,0
-7,4,1
-70,105,0
59,33,1
139,6,0
-158,152,1
96,143,1
-189,192,0
7,21,1
188,509,0
-69,17,0
-16,8,0
91,15,0
111,32,1
15,11,0
-40,249,1
107,159,0
-68,128,0
14,11,1
-83,99,0
-16,186,0
-8,243,0
-20,9,0
52,21,0
-5,90,0
-30,13,0
-113,8,0
-14,273,0
-76,13,0
18,303,0
-20,253,0
8,0,1
5,1,1
4,7,1
97,228,1
-36,252,0
-165,196,0
69,91,0
3,-9,1
-57,240,1
112,245,0
-6,4,0
-96,134,0
78,35,1
-176,180,1
2,4,1
150,206,1
-178,177,1
-75,239,1
-32,1,1
176,166,0
-31,24,0
13,9,1
-14,10,1
-27,20,0
-79,230,0
53,7,0
107,214,1
206,138,0
-61,68,0
209,112,1
155,207,0
95,231,0
8,20,0
131,143,1
-91,251,1
176,177,0
-139,206,0
70,85,1
-6,10,1
56,246,0
19,16,1
7,115,0
16,34,1
3,31,1
44,293,1
8,26,0
97,259,0
-29,283,0
102,149,1
-78,265,0
24,16,0
-73,289,1
-18,115,1
-60,84,0
-68,6,1
-2,-1,1
-2,-5,1
-9,262,0
-3,2,0
-127,217,1
-76,-11,0
-109,233,0
-8,70,0
3,5,1
-3,60,0
98,239,0
16,14,1
7,-1,1
-185,164,1
-158,189,0
-47,151,0
24,126,1
-8,6,1
141,233,0
2,129,0
-13,6,0
37,21,1
-107,75,1
21,165,0
-3,264,0
-130,272,0
26,196,0
17,247,0
-24,10,1
100,148,1
-144,211,1
13,9,0
-241,67,0
-2,52,0
-231,-8,1
92,152,1
120,235,0
147,125,0
-197,220,0
-160,211,0
90,184,1
-11,25,0
-197,188,0
-13,265,1
121,114,0
144,204,0
-58,241,1
8,6,1
188,177,0
5,-4,0
104,166,1
-127,114,1
-111,226,1
150,200,0
-78,146,0
-111,230,0
-3,5,1
1,250,0
12,157,0
230,104,0
8,9,0
103,233,1
4,-10,1
-11,1,0
64,118,1
67,88,0
189,33,0
-17,259,0
4,33,0
-77,176,1
13,157,0
0,-6,0
-23,256,0
149,21,1
-101,237,1
-6,6,0
-101,136,1
-59,245,0
-2,6,0
-58,240,1
-51,10,0
-97,172,0
-133,333,0
-105,236,1
-2,1,1
-16,99,1
2,4,1
223,105,0
4,4,1
-90,-11,1
-87,235,0
71,31,1
2,251,0
68,247,0
90,68,1
-198,662,0
4,2,1
-6,39,1
86,236,1
-1,10,0
-18,-11,0
-174,191,0
4,260,0
147,-6,0
-76,266,0
-25,-12,1
40,156,0
0,246,1
-32,14,0
-171,11,0
-61,116,0
74,241,0
6,480,1
-16,258,0
-19,25,1
96,237,1
-11,121,0
-114,269,0
-73,248,0
-3,6,1
2,28,1
-12,18,0
-125,256,0
96,46,0
-109,14,1
3,8,1
-91,31,1
-101,-5,0
13,22,0
-4,42,0
1,22,1
-32,67,0
11,90,0
-127,216,1
-109,-6,0
25,251,0
-76,244,0
-89,238,0
6,16,0
0,-6,0
-6,16,0
-5,-1,1
-6,27,1
10,175,0
-159,206,1
2,260,0
2,-1,1
-163,210,0
-127,165,0
2,295,1
-169,186,1
-72,100,0
116,0,0
-45,96,0
203,152,0
146,138,1
39,256,0
1,3,1
188,221,1
-37,208,0
174,261,0
-230,7,0
77,17,0
-105,26,0
-134,233,1
-84,57,0
163,209,1
-49,252,0
-43,99,0
-18,78,1
-1,69,0
4,252,1
-123,246,0
146,223,1
27,4,0
128,240,1
-120,243,0
-13,157,0
27,250,0
-4,272,0
-21,272,1
18,171,1
-19,189,1
-74,261,0
6,25,1
44,55,1
-80,253,0
14,14,1
171,53,1
-156,205,0
-48,272,0
-100,231,0
-22,259,0
-236,-19,1
5,16,0
65,246,0
10,4,0
87,7,0
9,173,1
-43,55,1
-11,2,1
42,90,1
-13,10,1
-118,5,1
40,104,0
-233,11,0
172,197,0
-82,243,0
-147,87,1
-42,50,1
17,261,0
38,104,1
-72,107,1
-235,-6,0
46,115,0
-96,-8,1
-32,136,1
31,141,0
-3,2,1
-5,8,1
-13,264,0
83,124,1
-55,126,1
90,122,1
-131,214,1
-15,13,0
49,125,1
-84,126,1
-111,239,0
73,178,1
70,40,0
-2,136,0
-32,50,0
-87,127,0
-5,13,0
-53,261,0
-100,126,0
33,111,1
-14,15,1
-25,21,1
100,131,1
-107,246,0
-2,117,0
-77,36,1
-35,32,0
-47,35,1
-53,89,1
-59,120,0
-9,91,1
-188,200,1
-9,91,1
10,105,1
55,272,0
228,26,0
-164,236,0
-105,143,0
81,264,0
-145,238,0
-160,248,1
0,291,1
-55,32,1
-100,59,1
-96,116,1
-44,290,0
-56,68,0
135,217,1
18,106,0
-62,94,0
-218,153,0
-115,238,0
-13,62,1
-29,83,0
-113,179,0
47,250,1
218,200,0
-149,213,0
-22,5,1
13,3,0
174,93,0
47,2,0
43,267,1
-183,178,0
-126,222,0
-17,158,0
-58,120,1
-52,112,1
-98,154,0
-126,76,0
-22,10,1
194,-8,1
-217,128,1
-209,153,0
-109,49,0
-43,99,0
18,13,0
-4,161,1
-122,213,0
-70,136,1
148,211,0
128,69,1
-98,59,0
-11,74,1
-183,201,0
54,179,1
-1,10,1
-67,128,1
6,13,0
136,215,0
-126,20,0
-14,20,0
-139,232,0
-119,221,0
-99,131,1
-212,133,1
18,169,1
2,-9,1
6,259,1
9,262,1
-163,148,1
-5,5,0
16,8,1
-106,30,1
-216,135,0
217,117,0
79,153,0
134,-4,0
-6,1,1
78,183,1
-10,156,0
6,9,1
-166,201,1
28,34,1
155,209,0
166,206,0
-10,8,0
2,9,1
-93,240,1
-192,445,0
-8,11,0
3,100,1
-121,238,0
-56,167,0
5,11,1
5,-1,0
43,157,1
-172,189,0
-74,149,0
-68,175,1
0,15,1
120,100,0
125,141,0
-97,36,0
-78,58,0
36,27,0
9,68,1
-222,9,1
-42,15,1
95,124,1
-169,183,1
0,-6,1
-216,125,0
-38,9,0
13,5,0
-229,88,1
81,249,0
165,190,0
-60,113,0
-24,16,1
22,6,0
108,226,0
226,109,0
-119,11,0
-16,7,1
-29,27,0
-143,221,0
76,157,1
-74,266,0
71,130,1
-16,40,0
14,26,1
-32,260,1
-27,15,0
-136,262,0
-11,20,1
8,23,1
-152,299,0
100,254,0
-206,165,1
-123,128,1
135,10,0
-71,259,0
-180,218,0
41,27,1
-179,242,0
29,17,0
-14,68,1
-3,104,1
201,431,0
-45,75,0
136,217,0
-16,10,1
-84,156,0
-93,179,1
-52,14,0
-149,216,1
-9,17,0
-29,0,1
81,100,1
9,5,1
53,138,0
27,13,0
91,172,0
32,160,1
-56,264,0
90,158,0
-41,109,0
139,20,0
160,197,0
3,10,1
-22,12,0
91,63,1
-2,31,1
160,191,0
-30,153,1
-16,132,1
74,158,0
-79,141,0
-100,233,1
120,146,1
51,142,1
171,190,1
-83,101,0
145,215,1
-81,94,0
-9,41,0
-131,234,0
72,138,1
-98,59,1
-146,214,1
175,6,0
-161,-12,1
-146,206,1
-2,17,1
14,5,1
-86,234,0
-216,147,0
76,151,0
-9,141,0
-134,159,0
108,263,0
6,4,0
53,128,0
-90,0,0
140,164,0
87,96,1
-106,237,1
-58,123,1
0,6,1
73,169,0
15,1,0
-9,268,0
166,-4,0
-131,216,0
170,178,1
-124,24,1
5,125,0
-173,96,0
3,4,1
-2,5,1
-40,108,0
113,6,0
-33,90,1
226,170,0
204,151,0
-223,78,1
-9,34,0
-14,22,1
3,260,0
-213,148,0
-78,127,1
16,35,1
-44,194,1
-3,8,1
-5,15,1
-3,9,1
2,31,1
-2,-4,1
-10,56,0
11,209,0
-206,148,0
226,96,1
-5,274,1
200,79,0
-1,4,1
-72,289,0
81,16,0
-3,15,0
116,223,0
0,8,1
77,58,1
-100,203,0
-117,152,0
-4,4,1
-199,53,0
87,239,1
163,241,0
-67,62,0
35,94,1
-72,37,1
90,91,0
8,4,1
18,8,1
24,21,0
-104,158,0
-155,220,0
-203,188,0
24,165,0
-13,3,1
-113,236,0
14,-5,0
-101,-6,1
22,15,1
-161,211,1
-174,316,0
8,-5,1
-2,4,1
-1,-6,1
98,50,1
48,179,0
-164,195,0
-81,52,0
0,92,1
9,132,0
1,8,0
-71,124,1
12,159,0
66,47,1
-124,226,1
-2,130,1
-78,18,0
160,204,0
-39,130,0
-229,48,1
70,189,0
87,68,1
52,23,1
-128,226,0
85,168,1
148,11,1
-234,-38,0
-103,248,0
-6,153,1
95,36,0
76,146,0
0,-3,1
-16,97,0
-237,0,0
-14,10,0
14,129,0
39,113,1
141,209,1
-101,232,0
-8,-2,0
-69,243,0
2,-4,1
7,8,1
-133,22,0
-8,150,0
7,5,1
3,132,1
-119,237,0
-6,254,1
119,232,0
102,55,0
-14,2,0
4,6,1
81,244,1
-79,257,0
60,254,1
-41,293,0
-53,114,0
130,226,0
-9,9,1
16,251,1
12,10,1
103,166,0
11,31,0
-20,14,0
57,63,1
-47,248,1
-5,6,1
-93,34,0
15,8,0
230,88,0
-7,11,1
-148,226,0
-7,7,1
-11,15,1
-12,12,0
-103,269,0
27,151,1
82,27,0
-11,22,0
-6,13,1
-84,263,0
-116,22,1
-1,6,1
131,221,0
-106,233,1
-16,27,0
229,27,0
41,251,0
-58,89,1
109,226,0
-32,50,0
-203,92,1
2,42,1
87,28,1
86,22,1
-196,10,0
73,111,1
0,6,1
52,101,0
161,194,0
5,0,0
130,116,1
7,13,0
-9,13,1
13,41,0
9,251,1
221,-25,0
-9,1,1
-102,93,1
-68,49,1
132,215,1
8,252,0
0,10,1
-98,130,0
-3,253,0
161,201,0
43,152,1
21,55,1
-13,4,0
-1,6,0
-36,122,0
100,27,0
-1,2,1
-49,248,0
24,122,0
-156,183,0
12,8,0
-13,274,1
-36,25,1
17,6,1
-55,13,1
9,22,0
-8,9,1
7,26,0
-10,8,1
-5,18,0
113,68,1
-9,265,0
145,84,0
-6,21,0
57,241,1
-23,13,0
-16,7,1
-19,12,0
-45,31,0
-65,29,1
-33,64,0
78,128,1
-19,33,0
-13,23,1
-32,183,0
41,169,0
-43,21,1
25,9,0
5,10,1
157,82,1
8,11,1
-5,11,1
-102,327,0
-19,27,0
17,14,1
-125,215,1
159,210,0
160,215,0
38,255,1
119,116,1
22,-2,1
138,174,1
-103,231,0
-6,57,1
52,117,1
147,23,1
0,263,1
-116,-4,0
21,8,1
0,111,1
-5,0,1
95,65,1
14,-4,0
101,132,1
-137,53,1
-121,227,1
62,248,0
-5,-1,1
51,112,0
91,-1,0
-55,258,0
74,246,1
-3,6,1
-7,10,0
-11,4,1
10,8,0
111,231,1
144,207,0
-31,1,1
-113,80,0
104,167,0
74,70,1
111,188,0
-195,166,1
3,-2,1
98,99,1
-160,197,0
-232,95,0
-5,-2,0
-215,124,0
-2,-2,1
-142,236,0
14,12,1
9,6,1
15,-9,0
16,10,1
16,2,1
114,452,0
132,4,1
54,74,0
22,20,1
24,11,1
-14,16,0
134,112,0
139,211,0
52,67,1
97,12,1
-20,7,1
0,100,0
221,122,1
-210,10,0
-35,122,1
-2,115,0
62,89,0
-216,110,1
-134,21,0
-69,241,0
81,53,1
-32,11,0
-92,237,1
-18,51,0
-8,35,1
108,22,0
-166,206,0
5,59,0
-234,99,0
-45,225,0
-74,136,0
-17,28,0
-12,17,1
-93,79,1
-231,17,0
7,26,0
-87,236,1
161,127,0
-234,-11,0
236,55,1
-116,227,0
7,8,1
-139,34,0
232,8,0
-87,36,0
-13,158,1
53,157,1
-19,294,0
-104,285,0
-11,-3,1
43,142,1
-141,220,1
90,60,1
179,173,0
-2,-6,1
1,17,0
-48,192,0
126,236,1
-3,25,0
7,24,1
66,198,0
-59,21,0
2,13,0
-124,11,0
-109,147,1
123,222,1
-3,11,0
-97,132,1
81,141,0
190,160,0
-133,54,1
-152,218,0
-9,17,1
0,6,1
85,238,0
-125,116,0
5,15,0
-145,210,0
97,236,0
-145,179,0
-182,23,0
-229,7,1
-153,212,0
82,254,0
-66,553,0
14,22,1
27,113,1
114,59,0
123,243,0
-98,132,1
234,4,1
168,198,1
128,234,0
30,34,0
-9,20,0
-27,167,0
27,115,0
42,18,0
5,23,1
87,52,1
178,193,0
198,153,0
181,3,1
7,164,1
160,204,0
-92,121,0
0,4,1
-93,229,0
-10,5,0
-125,-15,0
176,189,1
-13,294,0
-217,125,0
-154,-15,0
-190,75,1
154,-20,1
-158,226,0
1,122,1
-4,3,1
73,72,0
7,8,0
-86,15,1
-4,4,1
-123,219,0
-6,8,1
-14,8,0
76,131,1
-101,119,0
17,290,0
-127,110,1
152,145,0
229,-2,0
17,19,1
145,220,0
-21,150,0
56,105,1
-75,47,0
-136,-14,0
100,237,1
108,116,1
8,112,1
92,131,0
118,-8,0
0,4,1
-11,125,0
-141,-25,0
101,233,1
-1,246,0
-3,53,1
-230,-24,0
4,7,1
102,228,0
97,74,1
-8,-4,1
-17,264,1
-2,134,1
-1,5,1
-116,232,1
-5,227,0
7,256,1
-3,0,0
230,47,1
226,-13,1
-42,95,1
-48,52,0
-107,230,1
27,253,0
-15,134,0
-106,14,1
-103,147,0
-204,30,0
79,148,0
-30,126,1
36,8,0
117,226,0
95,148,0
0,168,0
77,110,1
32,130,0
131,218,0
-7,2,1
-163,218,1
135,20,1
3,7,1
-13,4,1
63,71,0
-11,13,0
-2,293,0
-13,4,0
-43,43,0
5,124,1
-182,188,0
3,161,1
92,303,0
-96,43,1
-152,210,1
56,246,0
-16,11,1
-8,21,1
-13,95,1
-136,123,0
15,47,0
4,28,1
87,157,0
15,18,0
-19,57,0
87,160,1
-3,92,1
-191,212,1
-66,127,1
-9,15,1
201,264,0
-162,195,1
155,-17,0
56,111,0
-5,9,0
90,16,1
-90,59,0
0,4,1
3,248,0
39,131,0
-123,216,0
-70,88,1
-3,95,1
8,-10,1
4,6,1
93,13,0
15,10,0
-72,126,0
6,17,1
173,183,1
-7,4,0
-6,14,1
-128,234,0
-33,31,0
-230,10,0
-120,121,1
14,0,1
13,20,0
121,-18,0
3,9,0
-44,152,0
-160,232,1
134,76,0
107,230,0
-17,33,1
-150,78,1
-142,211,0
-123,159,1
25,244,0
20,148,0
31,25,1
0,5,1
203,144,0
24,-7,1
19,9,1
-183,184,1
-124,251,1
-75,135,1
25,63,0
-18,16,0
-38,3,0
-8,17,1
-10,260,0
142,273,0
19,17,0
-19,-10,1
-133,52,0
-73,189,0
-109,232,0
-67,95,1
103,204,0
223,-9,0
5,91,1
-72,112,1
-147,155,0
-19,6,1
-161,204,1
67,-15,0
-13,265,0
1,250,0
36,247,0
-87,105,0
44,24,1
-22,257,0
54,119,1
143,205,0
-16,110,1
0,35,0
1,121,0
49,-1,0
5,6,1
3,164,1
5,263,0
-70,96,1
4,5,0
-2,5,1
154,206,1
-36,316,0
51,29,1
-116,228,0
5,23,0
5,16,0
-11,-5,0
-17,257,1
-6,89,1
30,16,1
85,221,1
57,94,1
-22,1,1
-82,139,0
-159,243,1
-57,298,0
160,382,0
62,66,0
49,47,0
27,26,0
23,35,0
-5,146,0
23,109,1
46,258,0
71,21,0
-17,23,1
-19,8,1
-32,249,1
-134,246,1
-122,100,1
234,88,0
-181,26,1
-10,275,0
-198,157,0
-9,274,0
98,115,0
103,-4,0
-2,104,0
-160,46,1
19,4,1
-76,246,0
-21,10,0
-49,143,0
-10,4,1
32,9,0
133,243,0
-215,132,0
201,32,0
18,10,1
-63,240,0
228,22,0
225,30,1
54,69,0
-125,205,1
164,193,1
-183,171,0
47,40,1
-52,90,0
19,13,0
114,108,0
24,-4,1
77,71,1
25,78,1
-118,176,1
30,17,0
-15,306,0
34,82,0
38,132,1
-116,75,1
-16,97,1
-63,181,0
-188,162,1
-214,78,0
111,220,1
-137,-11,0
0,-6,1
125,235,0
111,22,1
49,90,0
33,37,0
-199,121,1
-187,62,1
18,0,1
-158,148,0
136,-20,1
90,238,1
57,68,1
47,256,0
-171,190,0
-25,122,1
-74,68,1
-120,222,0
5,7,1
11,2,1
-1,1,1
92,71,0
0,2,1
-74,136,1
160,188,1
-2,3,1
6,8,1
-135,209,1
-101,78,1
-127,219,0
3,9,0
0,-5,1
0,6,1
-221,105,0
-7,129,0
73,146,1
9,13,0
100,29,1
5,-4,1
-11,257,0
-54,95,0
70,247,1
-7,2,1
32,107,1
-40,138,1
-107,238,1
-3,0,1
-3,5,1
-1,4,1
-155,221,0
146,27,1
-56,11,0
-1,4,1
226,2,0
-105,5,0
-3,2,1
58,243,1
0,10,1
168,192,0
-71,19,1
61,69,0
7,145,1
-119,77,0
203,-16,1
-4,1,1
-102,14,0
-3,1,1
-31,138,0
-118,3,1
-123,-8,1
18,260,0
158,288,0
-58,247,0
-82,3,0
55,266,0
66,64,1
135,231,0
-62,272,1
-55,270,0
-5,-3,1
-65,11,1
6,-1,0
59,181,0
236,71,0
84,-8,1
-93,139,1
151,201,1
56,103,1
-53,250,0
0,-4,1
58,40,1
